tree_index,auc,brier,ece,mce,n_nodes,n_leaves
0,0.7051130776794494,0.12214293252833947,0.11981717530263393,0.40372670807453415,53,27
1,0.7086107599381936,0.12578790381395616,0.15967904553638984,0.3622883936183169,77,39
2,0.7100224750667228,0.12515330024611723,0.14888178905683974,0.3622883936183169,81,41
3,0.7100224750667228,0.12515330024611723,0.14888178905683974,0.3622883936183169,81,41
4,0.7086107599381936,0.12578790381395616,0.15967904553638984,0.3622883936183169,77,39
