male,age,currentSmoker,cigsPerDay,BPMeds,prevalentStroke,prevalentHyp,diabetes,totChol,BMI,heartRate,diabetes_grade,MAP
0.09615241741767083,0.29932236628709835,0.008209326359721,0.031059656155587458,0.0,0.0,0.09450840084979598,0.02633555464313845,0.0801383767723423,0.07266518140036365,0.03390367867228065,0.0,0.25770504144200124
0.09615241741767083,0.29932236628709835,0.0,0.039268982515308457,0.0,0.0,0.09450840084979598,0.02633555464313845,0.0801383767723423,0.07266518140036365,0.03390367867228065,0.0,0.25770504144200124
0.09615241741767083,0.29932236628709835,0.0,0.039268982515308457,0.0,0.0,0.09450840084979598,0.02633555464313845,0.0801383767723423,0.07266518140036365,0.03390367867228065,0.0,0.25770504144200124
0.09615241741767083,0.29932236628709835,0.0,0.039268982515308457,0.0,0.0,0.09450840084979598,0.02633555464313845,0.0801383767723423,0.07266518140036365,0.03390367867228065,0.0,0.25770504144200124
